K,int_curvature_CF,seed,germ_band_push,noise_scale,dt,t_final,add_MD_bool,add_CF_bool,CF_position,t_CF,folder_name
0.0001,0.5,0,0.0,1e-05,1e-05,400.0,0.0,1.0,0.37,0.0,K_0.0001_int_curvature_CF_0.5_seed_0_germ_band_push_0.0_noise_scale_1e-05_dt_1e-05_t_final_400.0_add_MD_bool_0.0_add_CF_bool_1.0_CF_position_0.37_t_CF_0.0/
0.0001,2.0,1,0.4,1e-05,1e-05,400.0,0.0,1.0,0.37,0.0,K_0.0001_int_curvature_CF_2.0_seed_1_germ_band_push_0.4_noise_scale_1e-05_dt_1e-05_t_final_400.0_add_MD_bool_0.0_add_CF_bool_1.0_CF_position_0.37_t_CF_0.0/
0.0001,5.0,2,0.0,1e-05,1e-05,400.0,0.0,1.0,0.37,0.0,K_0.0001_int_curvature_CF_5.0_seed_2_germ_band_push_0.0_noise_scale_1e-05_dt_1e-05_t_final_400.0_add_MD_bool_0.0_add_CF_bool_1.0_CF_position_0.37_t_CF_0.0/
0.0001,5.0,3,0.2,1e-05,1e-05,400.0,0.0,1.0,0.37,0.0,K_0.0001_int_curvature_CF_5.0_seed_3_germ_band_push_0.2_noise_scale_1e-05_dt_1e-05_t_final_400.0_add_MD_bool_0.0_add_CF_bool_1.0_CF_position_0.37_t_CF_0.0/
0.0001,5.0,4,0.4,1e-05,1e-05,400.0,0.0,1.0,0.37,0.0,K_0.0001_int_curvature_CF_5.0_seed_4_germ_band_push_0.4_noise_scale_1e-05_dt_1e-05_t_final_400.0_add_MD_bool_0.0_add_CF_bool_1.0_CF_position_0.37_t_CF_0.0/
0.0001,2.0,5,0.2,1e-05,1e-05,400.0,0.0,1.0,0.37,0.0,K_0.0001_int_curvature_CF_2.0_seed_5_germ_band_push_0.2_noise_scale_1e-05_dt_1e-05_t_final_400.0_add_MD_bool_0.0_add_CF_bool_1.0_CF_position_0.37_t_CF_0.0/
0.0001,7.5,6,0.0,1e-05,1e-05,400.0,0.0,1.0,0.37,0.0,K_0.0001_int_curvature_CF_7.5_seed_6_germ_band_push_0.0_noise_scale_1e-05_dt_1e-05_t_final_400.0_add_MD_bool_0.0_add_CF_bool_1.0_CF_position_0.37_t_CF_0.0/
0.0001,7.5,7,0.2,1e-05,1e-05,400.0,0.0,1.0,0.37,0.0,K_0.0001_int_curvature_CF_7.5_seed_7_germ_band_push_0.2_noise_scale_1e-05_dt_1e-05_t_final_400.0_add_MD_bool_0.0_add_CF_bool_1.0_CF_position_0.37_t_CF_0.0/
0.0001,7.5,8,0.4,1e-05,1e-05,400.0,0.0,1.0,0.37,0.0,K_0.0001_int_curvature_CF_7.5_seed_8_germ_band_push_0.4_noise_scale_1e-05_dt_1e-05_t_final_400.0_add_MD_bool_0.0_add_CF_bool_1.0_CF_position_0.37_t_CF_0.0/
0.0001,2.0,9,0.0,1e-05,1e-05,400.0,0.0,1.0,0.37,0.0,K_0.0001_int_curvature_CF_2.0_seed_9_germ_band_push_0.0_noise_scale_1e-05_dt_1e-05_t_final_400.0_add_MD_bool_0.0_add_CF_bool_1.0_CF_position_0.37_t_CF_0.0/
0.0001,0.5,10,0.2,1e-05,1e-05,400.0,0.0,1.0,0.37,0.0,K_0.0001_int_curvature_CF_0.5_seed_10_germ_band_push_0.2_noise_scale_1e-05_dt_1e-05_t_final_400.0_add_MD_bool_0.0_add_CF_bool_1.0_CF_position_0.37_t_CF_0.0/
0.0001,0.5,11,0.4,1e-05,1e-05,400.0,0.0,1.0,0.37,0.0,K_0.0001_int_curvature_CF_0.5_seed_11_germ_band_push_0.4_noise_scale_1e-05_dt_1e-05_t_final_400.0_add_MD_bool_0.0_add_CF_bool_1.0_CF_position_0.37_t_CF_0.0/
0.0001,5.0,12,0.2,1e-05,1e-05,400.0,0.0,1.0,0.37,0.0,K_0.0001_int_curvature_CF_5.0_seed_12_germ_band_push_0.2_noise_scale_1e-05_dt_1e-05_t_final_400.0_add_MD_bool_0.0_add_CF_bool_1.0_CF_position_0.37_t_CF_0.0/
0.0001,0.5,13,0.2,1e-05,1e-05,400.0,0.0,1.0,0.37,0.0,K_0.0001_int_curvature_CF_0.5_seed_13_germ_band_push_0.2_noise_scale_1e-05_dt_1e-05_t_final_400.0_add_MD_bool_0.0_add_CF_bool_1.0_CF_position_0.37_t_CF_0.0/
0.0001,0.5,14,0.0,1e-05,1e-05,400.0,0.0,1.0,0.37,0.0,K_0.0001_int_curvature_CF_0.5_seed_14_germ_band_push_0.0_noise_scale_1e-05_dt_1e-05_t_final_400.0_add_MD_bool_0.0_add_CF_bool_1.0_CF_position_0.37_t_CF_0.0/
0.0001,0.5,15,0.4,1e-05,1e-05,400.0,0.0,1.0,0.37,0.0,K_0.0001_int_curvature_CF_0.5_seed_15_germ_band_push_0.4_noise_scale_1e-05_dt_1e-05_t_final_400.0_add_MD_bool_0.0_add_CF_bool_1.0_CF_position_0.37_t_CF_0.0/
0.0001,5.0,16,0.4,1e-05,1e-05,400.0,0.0,1.0,0.37,0.0,K_0.0001_int_curvature_CF_5.0_seed_16_germ_band_push_0.4_noise_scale_1e-05_dt_1e-05_t_final_400.0_add_MD_bool_0.0_add_CF_bool_1.0_CF_position_0.37_t_CF_0.0/
0.0001,5.0,17,0.0,1e-05,1e-05,400.0,0.0,1.0,0.37,0.0,K_0.0001_int_curvature_CF_5.0_seed_17_germ_band_push_0.0_noise_scale_1e-05_dt_1e-05_t_final_400.0_add_MD_bool_0.0_add_CF_bool_1.0_CF_position_0.37_t_CF_0.0/
0.0001,2.0,18,0.2,1e-05,1e-05,400.0,0.0,1.0,0.37,0.0,K_0.0001_int_curvature_CF_2.0_seed_18_germ_band_push_0.2_noise_scale_1e-05_dt_1e-05_t_final_400.0_add_MD_bool_0.0_add_CF_bool_1.0_CF_position_0.37_t_CF_0.0/
0.0001,7.5,19,0.0,1e-05,1e-05,400.0,0.0,1.0,0.37,0.0,K_0.0001_int_curvature_CF_7.5_seed_19_germ_band_push_0.0_noise_scale_1e-05_dt_1e-05_t_final_400.0_add_MD_bool_0.0_add_CF_bool_1.0_CF_position_0.37_t_CF_0.0/
0.0001,7.5,20,0.2,1e-05,1e-05,400.0,0.0,1.0,0.37,0.0,K_0.0001_int_curvature_CF_7.5_seed_20_germ_band_push_0.2_noise_scale_1e-05_dt_1e-05_t_final_400.0_add_MD_bool_0.0_add_CF_bool_1.0_CF_position_0.37_t_CF_0.0/
0.0001,7.5,21,0.4,1e-05,1e-05,400.0,0.0,1.0,0.37,0.0,K_0.0001_int_curvature_CF_7.5_seed_21_germ_band_push_0.4_noise_scale_1e-05_dt_1e-05_t_final_400.0_add_MD_bool_0.0_add_CF_bool_1.0_CF_position_0.37_t_CF_0.0/
0.0001,2.0,22,0.0,1e-05,1e-05,400.0,0.0,1.0,0.37,0.0,K_0.0001_int_curvature_CF_2.0_seed_22_germ_band_push_0.0_noise_scale_1e-05_dt_1e-05_t_final_400.0_add_MD_bool_0.0_add_CF_bool_1.0_CF_position_0.37_t_CF_0.0/
0.0001,2.0,23,0.4,1e-05,1e-05,400.0,0.0,1.0,0.37,0.0,K_0.0001_int_curvature_CF_2.0_seed_23_germ_band_push_0.4_noise_scale_1e-05_dt_1e-05_t_final_400.0_add_MD_bool_0.0_add_CF_bool_1.0_CF_position_0.37_t_CF_0.0/
0.0001,2.0,24,0.2,1e-05,1e-05,400.0,0.0,1.0,0.37,0.0,K_0.0001_int_curvature_CF_2.0_seed_24_germ_band_push_0.2_noise_scale_1e-05_dt_1e-05_t_final_400.0_add_MD_bool_0.0_add_CF_bool_1.0_CF_position_0.37_t_CF_0.0/
0.0001,2.0,25,0.4,1e-05,1e-05,400.0,0.0,1.0,0.37,0.0,K_0.0001_int_curvature_CF_2.0_seed_25_germ_band_push_0.4_noise_scale_1e-05_dt_1e-05_t_final_400.0_add_MD_bool_0.0_add_CF_bool_1.0_CF_position_0.37_t_CF_0.0/
0.0001,2.0,26,0.0,1e-05,1e-05,400.0,0.0,1.0,0.37,0.0,K_0.0001_int_curvature_CF_2.0_seed_26_germ_band_push_0.0_noise_scale_1e-05_dt_1e-05_t_final_400.0_add_MD_bool_0.0_add_CF_bool_1.0_CF_position_0.37_t_CF_0.0/
0.0001,7.5,27,0.4,1e-05,1e-05,400.0,0.0,1.0,0.37,0.0,K_0.0001_int_curvature_CF_7.5_seed_27_germ_band_push_0.4_noise_scale_1e-05_dt_1e-05_t_final_400.0_add_MD_bool_0.0_add_CF_bool_1.0_CF_position_0.37_t_CF_0.0/
0.0001,5.0,28,0.0,1e-05,1e-05,400.0,0.0,1.0,0.37,0.0,K_0.0001_int_curvature_CF_5.0_seed_28_germ_band_push_0.0_noise_scale_1e-05_dt_1e-05_t_final_400.0_add_MD_bool_0.0_add_CF_bool_1.0_CF_position_0.37_t_CF_0.0/
0.0001,5.0,29,0.2,1e-05,1e-05,400.0,0.0,1.0,0.37,0.0,K_0.0001_int_curvature_CF_5.0_seed_29_germ_band_push_0.2_noise_scale_1e-05_dt_1e-05_t_final_400.0_add_MD_bool_0.0_add_CF_bool_1.0_CF_position_0.37_t_CF_0.0/
0.0001,5.0,30,0.4,1e-05,1e-05,400.0,0.0,1.0,0.37,0.0,K_0.0001_int_curvature_CF_5.0_seed_30_germ_band_push_0.4_noise_scale_1e-05_dt_1e-05_t_final_400.0_add_MD_bool_0.0_add_CF_bool_1.0_CF_position_0.37_t_CF_0.0/
0.0001,0.5,31,0.0,1e-05,1e-05,400.0,0.0,1.0,0.37,0.0,K_0.0001_int_curvature_CF_0.5_seed_31_germ_band_push_0.0_noise_scale_1e-05_dt_1e-05_t_final_400.0_add_MD_bool_0.0_add_CF_bool_1.0_CF_position_0.37_t_CF_0.0/
0.0001,0.5,32,0.2,1e-05,1e-05,400.0,0.0,1.0,0.37,0.0,K_0.0001_int_curvature_CF_0.5_seed_32_germ_band_push_0.2_noise_scale_1e-05_dt_1e-05_t_final_400.0_add_MD_bool_0.0_add_CF_bool_1.0_CF_position_0.37_t_CF_0.0/
0.0001,0.5,33,0.4,1e-05,1e-05,400.0,0.0,1.0,0.37,0.0,K_0.0001_int_curvature_CF_0.5_seed_33_germ_band_push_0.4_noise_scale_1e-05_dt_1e-05_t_final_400.0_add_MD_bool_0.0_add_CF_bool_1.0_CF_position_0.37_t_CF_0.0/
0.0001,7.5,34,0.0,1e-05,1e-05,400.0,0.0,1.0,0.37,0.0,K_0.0001_int_curvature_CF_7.5_seed_34_germ_band_push_0.0_noise_scale_1e-05_dt_1e-05_t_final_400.0_add_MD_bool_0.0_add_CF_bool_1.0_CF_position_0.37_t_CF_0.0/
0.0001,7.5,35,0.2,1e-05,1e-05,400.0,0.0,1.0,0.37,0.0,K_0.0001_int_curvature_CF_7.5_seed_35_germ_band_push_0.2_noise_scale_1e-05_dt_1e-05_t_final_400.0_add_MD_bool_0.0_add_CF_bool_1.0_CF_position_0.37_t_CF_0.0/
0.0001,7.5,36,0.2,1e-05,1e-05,400.0,0.0,1.0,0.37,0.0,K_0.0001_int_curvature_CF_7.5_seed_36_germ_band_push_0.2_noise_scale_1e-05_dt_1e-05_t_final_400.0_add_MD_bool_0.0_add_CF_bool_1.0_CF_position_0.37_t_CF_0.0/
0.0001,2.0,37,0.4,1e-05,1e-05,400.0,0.0,1.0,0.37,0.0,K_0.0001_int_curvature_CF_2.0_seed_37_germ_band_push_0.4_noise_scale_1e-05_dt_1e-05_t_final_400.0_add_MD_bool_0.0_add_CF_bool_1.0_CF_position_0.37_t_CF_0.0/
0.0001,2.0,38,0.2,1e-05,1e-05,400.0,0.0,1.0,0.37,0.0,K_0.0001_int_curvature_CF_2.0_seed_38_germ_band_push_0.2_noise_scale_1e-05_dt_1e-05_t_final_400.0_add_MD_bool_0.0_add_CF_bool_1.0_CF_position_0.37_t_CF_0.0/
0.0001,2.0,39,0.0,1e-05,1e-05,400.0,0.0,1.0,0.37,0.0,K_0.0001_int_curvature_CF_2.0_seed_39_germ_band_push_0.0_noise_scale_1e-05_dt_1e-05_t_final_400.0_add_MD_bool_0.0_add_CF_bool_1.0_CF_position_0.37_t_CF_0.0/
0.0001,5.0,40,0.2,1e-05,1e-05,400.0,0.0,1.0,0.37,0.0,K_0.0001_int_curvature_CF_5.0_seed_40_germ_band_push_0.2_noise_scale_1e-05_dt_1e-05_t_final_400.0_add_MD_bool_0.0_add_CF_bool_1.0_CF_position_0.37_t_CF_0.0/
0.0001,5.0,41,0.4,1e-05,1e-05,400.0,0.0,1.0,0.37,0.0,K_0.0001_int_curvature_CF_5.0_seed_41_germ_band_push_0.4_noise_scale_1e-05_dt_1e-05_t_final_400.0_add_MD_bool_0.0_add_CF_bool_1.0_CF_position_0.37_t_CF_0.0/
0.0001,7.5,42,0.0,1e-05,1e-05,400.0,0.0,1.0,0.37,0.0,K_0.0001_int_curvature_CF_7.5_seed_42_germ_band_push_0.0_noise_scale_1e-05_dt_1e-05_t_final_400.0_add_MD_bool_0.0_add_CF_bool_1.0_CF_position_0.37_t_CF_0.0/
0.0001,5.0,43,0.0,1e-05,1e-05,400.0,0.0,1.0,0.37,0.0,K_0.0001_int_curvature_CF_5.0_seed_43_germ_band_push_0.0_noise_scale_1e-05_dt_1e-05_t_final_400.0_add_MD_bool_0.0_add_CF_bool_1.0_CF_position_0.37_t_CF_0.0/
0.0001,7.5,44,0.4,1e-05,1e-05,400.0,0.0,1.0,0.37,0.0,K_0.0001_int_curvature_CF_7.5_seed_44_germ_band_push_0.4_noise_scale_1e-05_dt_1e-05_t_final_400.0_add_MD_bool_0.0_add_CF_bool_1.0_CF_position_0.37_t_CF_0.0/
0.0001,0.5,45,0.0,1e-05,1e-05,400.0,0.0,1.0,0.37,0.0,K_0.0001_int_curvature_CF_0.5_seed_45_germ_band_push_0.0_noise_scale_1e-05_dt_1e-05_t_final_400.0_add_MD_bool_0.0_add_CF_bool_1.0_CF_position_0.37_t_CF_0.0/
0.0001,0.5,46,0.2,1e-05,1e-05,400.0,0.0,1.0,0.37,0.0,K_0.0001_int_curvature_CF_0.5_seed_46_germ_band_push_0.2_noise_scale_1e-05_dt_1e-05_t_final_400.0_add_MD_bool_0.0_add_CF_bool_1.0_CF_position_0.37_t_CF_0.0/
0.0001,0.5,47,0.4,1e-05,1e-05,400.0,0.0,1.0,0.37,0.0,K_0.0001_int_curvature_CF_0.5_seed_47_germ_band_push_0.4_noise_scale_1e-05_dt_1e-05_t_final_400.0_add_MD_bool_0.0_add_CF_bool_1.0_CF_position_0.37_t_CF_0.0/
0.0001,5.0,48,0.4,1e-05,1e-05,400.0,0.0,1.0,0.37,0.0,K_0.0001_int_curvature_CF_5.0_seed_48_germ_band_push_0.4_noise_scale_1e-05_dt_1e-05_t_final_400.0_add_MD_bool_0.0_add_CF_bool_1.0_CF_position_0.37_t_CF_0.0/
0.0001,5.0,49,0.2,1e-05,1e-05,400.0,0.0,1.0,0.37,0.0,K_0.0001_int_curvature_CF_5.0_seed_49_germ_band_push_0.2_noise_scale_1e-05_dt_1e-05_t_final_400.0_add_MD_bool_0.0_add_CF_bool_1.0_CF_position_0.37_t_CF_0.0/
0.0001,2.0,50,0.4,1e-05,1e-05,400.0,0.0,1.0,0.37,0.0,K_0.0001_int_curvature_CF_2.0_seed_50_germ_band_push_0.4_noise_scale_1e-05_dt_1e-05_t_final_400.0_add_MD_bool_0.0_add_CF_bool_1.0_CF_position_0.37_t_CF_0.0/
0.0001,2.0,51,0.0,1e-05,1e-05,400.0,0.0,1.0,0.37,0.0,K_0.0001_int_curvature_CF_2.0_seed_51_germ_band_push_0.0_noise_scale_1e-05_dt_1e-05_t_final_400.0_add_MD_bool_0.0_add_CF_bool_1.0_CF_position_0.37_t_CF_0.0/
0.0001,5.0,52,0.0,1e-05,1e-05,400.0,0.0,1.0,0.37,0.0,K_0.0001_int_curvature_CF_5.0_seed_52_germ_band_push_0.0_noise_scale_1e-05_dt_1e-05_t_final_400.0_add_MD_bool_0.0_add_CF_bool_1.0_CF_position_0.37_t_CF_0.0/
0.0001,7.5,53,0.4,1e-05,1e-05,400.0,0.0,1.0,0.37,0.0,K_0.0001_int_curvature_CF_7.5_seed_53_germ_band_push_0.4_noise_scale_1e-05_dt_1e-05_t_final_400.0_add_MD_bool_0.0_add_CF_bool_1.0_CF_position_0.37_t_CF_0.0/
0.0001,7.5,54,0.2,1e-05,1e-05,400.0,0.0,1.0,0.37,0.0,K_0.0001_int_curvature_CF_7.5_seed_54_germ_band_push_0.2_noise_scale_1e-05_dt_1e-05_t_final_400.0_add_MD_bool_0.0_add_CF_bool_1.0_CF_position_0.37_t_CF_0.0/
0.0001,7.5,55,0.0,1e-05,1e-05,400.0,0.0,1.0,0.37,0.0,K_0.0001_int_curvature_CF_7.5_seed_55_germ_band_push_0.0_noise_scale_1e-05_dt_1e-05_t_final_400.0_add_MD_bool_0.0_add_CF_bool_1.0_CF_position_0.37_t_CF_0.0/
0.0001,2.0,56,0.2,1e-05,1e-05,400.0,0.0,1.0,0.37,0.0,K_0.0001_int_curvature_CF_2.0_seed_56_germ_band_push_0.2_noise_scale_1e-05_dt_1e-05_t_final_400.0_add_MD_bool_0.0_add_CF_bool_1.0_CF_position_0.37_t_CF_0.0/
0.0001,0.5,57,0.2,1e-05,1e-05,400.0,0.0,1.0,0.37,0.0,K_0.0001_int_curvature_CF_0.5_seed_57_germ_band_push_0.2_noise_scale_1e-05_dt_1e-05_t_final_400.0_add_MD_bool_0.0_add_CF_bool_1.0_CF_position_0.37_t_CF_0.0/
0.0001,0.5,58,0.4,1e-05,1e-05,400.0,0.0,1.0,0.37,0.0,K_0.0001_int_curvature_CF_0.5_seed_58_germ_band_push_0.4_noise_scale_1e-05_dt_1e-05_t_final_400.0_add_MD_bool_0.0_add_CF_bool_1.0_CF_position_0.37_t_CF_0.0/
0.0001,0.5,59,0.0,1e-05,1e-05,400.0,0.0,1.0,0.37,0.0,K_0.0001_int_curvature_CF_0.5_seed_59_germ_band_push_0.0_noise_scale_1e-05_dt_1e-05_t_final_400.0_add_MD_bool_0.0_add_CF_bool_1.0_CF_position_0.37_t_CF_0.0/
0.0001,0.5,60,0.4,1e-05,1e-05,400.0,0.0,1.0,0.37,0.0,K_0.0001_int_curvature_CF_0.5_seed_60_germ_band_push_0.4_noise_scale_1e-05_dt_1e-05_t_final_400.0_add_MD_bool_0.0_add_CF_bool_1.0_CF_position_0.37_t_CF_0.0/
0.0001,2.0,61,0.0,1e-05,1e-05,400.0,0.0,1.0,0.37,0.0,K_0.0001_int_curvature_CF_2.0_seed_61_germ_band_push_0.0_noise_scale_1e-05_dt_1e-05_t_final_400.0_add_MD_bool_0.0_add_CF_bool_1.0_CF_position_0.37_t_CF_0.0/
0.0001,0.5,62,0.0,1e-05,1e-05,400.0,0.0,1.0,0.37,0.0,K_0.0001_int_curvature_CF_0.5_seed_62_germ_band_push_0.0_noise_scale_1e-05_dt_1e-05_t_final_400.0_add_MD_bool_0.0_add_CF_bool_1.0_CF_position_0.37_t_CF_0.0/
0.0001,2.0,63,0.2,1e-05,1e-05,400.0,0.0,1.0,0.37,0.0,K_0.0001_int_curvature_CF_2.0_seed_63_germ_band_push_0.2_noise_scale_1e-05_dt_1e-05_t_final_400.0_add_MD_bool_0.0_add_CF_bool_1.0_CF_position_0.37_t_CF_0.0/
0.0001,5.0,64,0.2,1e-05,1e-05,400.0,0.0,1.0,0.37,0.0,K_0.0001_int_curvature_CF_5.0_seed_64_germ_band_push_0.2_noise_scale_1e-05_dt_1e-05_t_final_400.0_add_MD_bool_0.0_add_CF_bool_1.0_CF_position_0.37_t_CF_0.0/
0.0001,5.0,65,0.0,1e-05,1e-05,400.0,0.0,1.0,0.37,0.0,K_0.0001_int_curvature_CF_5.0_seed_65_germ_band_push_0.0_noise_scale_1e-05_dt_1e-05_t_final_400.0_add_MD_bool_0.0_add_CF_bool_1.0_CF_position_0.37_t_CF_0.0/
0.0001,7.5,66,0.4,1e-05,1e-05,400.0,0.0,1.0,0.37,0.0,K_0.0001_int_curvature_CF_7.5_seed_66_germ_band_push_0.4_noise_scale_1e-05_dt_1e-05_t_final_400.0_add_MD_bool_0.0_add_CF_bool_1.0_CF_position_0.37_t_CF_0.0/
0.0001,7.5,67,0.2,1e-05,1e-05,400.0,0.0,1.0,0.37,0.0,K_0.0001_int_curvature_CF_7.5_seed_67_germ_band_push_0.2_noise_scale_1e-05_dt_1e-05_t_final_400.0_add_MD_bool_0.0_add_CF_bool_1.0_CF_position_0.37_t_CF_0.0/
0.0001,7.5,68,0.0,1e-05,1e-05,400.0,0.0,1.0,0.37,0.0,K_0.0001_int_curvature_CF_7.5_seed_68_germ_band_push_0.0_noise_scale_1e-05_dt_1e-05_t_final_400.0_add_MD_bool_0.0_add_CF_bool_1.0_CF_position_0.37_t_CF_0.0/
0.0001,0.5,69,0.2,1e-05,1e-05,400.0,0.0,1.0,0.37,0.0,K_0.0001_int_curvature_CF_0.5_seed_69_germ_band_push_0.2_noise_scale_1e-05_dt_1e-05_t_final_400.0_add_MD_bool_0.0_add_CF_bool_1.0_CF_position_0.37_t_CF_0.0/
0.0001,5.0,70,0.4,1e-05,1e-05,400.0,0.0,1.0,0.37,0.0,K_0.0001_int_curvature_CF_5.0_seed_70_germ_band_push_0.4_noise_scale_1e-05_dt_1e-05_t_final_400.0_add_MD_bool_0.0_add_CF_bool_1.0_CF_position_0.37_t_CF_0.0/
0.0001,2.0,71,0.4,1e-05,1e-05,400.0,0.0,1.0,0.37,0.0,K_0.0001_int_curvature_CF_2.0_seed_71_germ_band_push_0.4_noise_scale_1e-05_dt_1e-05_t_final_400.0_add_MD_bool_0.0_add_CF_bool_1.0_CF_position_0.37_t_CF_0.0/
0.0001,5.0,72,0.0,1e-05,1e-05,400.0,0.0,1.0,0.37,0.0,K_0.0001_int_curvature_CF_5.0_seed_72_germ_band_push_0.0_noise_scale_1e-05_dt_1e-05_t_final_400.0_add_MD_bool_0.0_add_CF_bool_1.0_CF_position_0.37_t_CF_0.0/
0.0001,5.0,73,0.2,1e-05,1e-05,400.0,0.0,1.0,0.37,0.0,K_0.0001_int_curvature_CF_5.0_seed_73_germ_band_push_0.2_noise_scale_1e-05_dt_1e-05_t_final_400.0_add_MD_bool_0.0_add_CF_bool_1.0_CF_position_0.37_t_CF_0.0/
0.0001,5.0,74,0.4,1e-05,1e-05,400.0,0.0,1.0,0.37,0.0,K_0.0001_int_curvature_CF_5.0_seed_74_germ_band_push_0.4_noise_scale_1e-05_dt_1e-05_t_final_400.0_add_MD_bool_0.0_add_CF_bool_1.0_CF_position_0.37_t_CF_0.0/
0.0001,2.0,75,0.4,1e-05,1e-05,400.0,0.0,1.0,0.37,0.0,K_0.0001_int_curvature_CF_2.0_seed_75_germ_band_push_0.4_noise_scale_1e-05_dt_1e-05_t_final_400.0_add_MD_bool_0.0_add_CF_bool_1.0_CF_position_0.37_t_CF_0.0/
0.0001,0.5,76,0.0,1e-05,1e-05,400.0,0.0,1.0,0.37,0.0,K_0.0001_int_curvature_CF_0.5_seed_76_germ_band_push_0.0_noise_scale_1e-05_dt_1e-05_t_final_400.0_add_MD_bool_0.0_add_CF_bool_1.0_CF_position_0.37_t_CF_0.0/
0.0001,2.0,77,0.0,1e-05,1e-05,400.0,0.0,1.0,0.37,0.0,K_0.0001_int_curvature_CF_2.0_seed_77_germ_band_push_0.0_noise_scale_1e-05_dt_1e-05_t_final_400.0_add_MD_bool_0.0_add_CF_bool_1.0_CF_position_0.37_t_CF_0.0/
0.0001,2.0,78,0.2,1e-05,1e-05,400.0,0.0,1.0,0.37,0.0,K_0.0001_int_curvature_CF_2.0_seed_78_germ_band_push_0.2_noise_scale_1e-05_dt_1e-05_t_final_400.0_add_MD_bool_0.0_add_CF_bool_1.0_CF_position_0.37_t_CF_0.0/
0.0001,7.5,79,0.4,1e-05,1e-05,400.0,0.0,1.0,0.37,0.0,K_0.0001_int_curvature_CF_7.5_seed_79_germ_band_push_0.4_noise_scale_1e-05_dt_1e-05_t_final_400.0_add_MD_bool_0.0_add_CF_bool_1.0_CF_position_0.37_t_CF_0.0/
0.0001,0.5,80,0.4,1e-05,1e-05,400.0,0.0,1.0,0.37,0.0,K_0.0001_int_curvature_CF_0.5_seed_80_germ_band_push_0.4_noise_scale_1e-05_dt_1e-05_t_final_400.0_add_MD_bool_0.0_add_CF_bool_1.0_CF_position_0.37_t_CF_0.0/
0.0001,7.5,81,0.2,1e-05,1e-05,400.0,0.0,1.0,0.37,0.0,K_0.0001_int_curvature_CF_7.5_seed_81_germ_band_push_0.2_noise_scale_1e-05_dt_1e-05_t_final_400.0_add_MD_bool_0.0_add_CF_bool_1.0_CF_position_0.37_t_CF_0.0/
0.0001,0.5,82,0.2,1e-05,1e-05,400.0,0.0,1.0,0.37,0.0,K_0.0001_int_curvature_CF_0.5_seed_82_germ_band_push_0.2_noise_scale_1e-05_dt_1e-05_t_final_400.0_add_MD_bool_0.0_add_CF_bool_1.0_CF_position_0.37_t_CF_0.0/
0.0001,7.5,83,0.0,1e-05,1e-05,400.0,0.0,1.0,0.37,0.0,K_0.0001_int_curvature_CF_7.5_seed_83_germ_band_push_0.0_noise_scale_1e-05_dt_1e-05_t_final_400.0_add_MD_bool_0.0_add_CF_bool_1.0_CF_position_0.37_t_CF_0.0/
0.0001,7.5,84,0.2,1e-05,1e-05,400.0,0.0,1.0,0.37,0.0,K_0.0001_int_curvature_CF_7.5_seed_84_germ_band_push_0.2_noise_scale_1e-05_dt_1e-05_t_final_400.0_add_MD_bool_0.0_add_CF_bool_1.0_CF_position_0.37_t_CF_0.0/
0.0001,7.5,85,0.4,1e-05,1e-05,400.0,0.0,1.0,0.37,0.0,K_0.0001_int_curvature_CF_7.5_seed_85_germ_band_push_0.4_noise_scale_1e-05_dt_1e-05_t_final_400.0_add_MD_bool_0.0_add_CF_bool_1.0_CF_position_0.37_t_CF_0.0/
0.0001,5.0,86,0.4,1e-05,1e-05,400.0,0.0,1.0,0.37,0.0,K_0.0001_int_curvature_CF_5.0_seed_86_germ_band_push_0.4_noise_scale_1e-05_dt_1e-05_t_final_400.0_add_MD_bool_0.0_add_CF_bool_1.0_CF_position_0.37_t_CF_0.0/
0.0001,0.5,87,0.0,1e-05,1e-05,400.0,0.0,1.0,0.37,0.0,K_0.0001_int_curvature_CF_0.5_seed_87_germ_band_push_0.0_noise_scale_1e-05_dt_1e-05_t_final_400.0_add_MD_bool_0.0_add_CF_bool_1.0_CF_position_0.37_t_CF_0.0/
0.0001,5.0,88,0.2,1e-05,1e-05,400.0,0.0,1.0,0.37,0.0,K_0.0001_int_curvature_CF_5.0_seed_88_germ_band_push_0.2_noise_scale_1e-05_dt_1e-05_t_final_400.0_add_MD_bool_0.0_add_CF_bool_1.0_CF_position_0.37_t_CF_0.0/
0.0001,0.5,89,0.4,1e-05,1e-05,400.0,0.0,1.0,0.37,0.0,K_0.0001_int_curvature_CF_0.5_seed_89_germ_band_push_0.4_noise_scale_1e-05_dt_1e-05_t_final_400.0_add_MD_bool_0.0_add_CF_bool_1.0_CF_position_0.37_t_CF_0.0/
0.0001,0.5,90,0.2,1e-05,1e-05,400.0,0.0,1.0,0.37,0.0,K_0.0001_int_curvature_CF_0.5_seed_90_germ_band_push_0.2_noise_scale_1e-05_dt_1e-05_t_final_400.0_add_MD_bool_0.0_add_CF_bool_1.0_CF_position_0.37_t_CF_0.0/
0.0001,2.0,91,0.4,1e-05,1e-05,400.0,0.0,1.0,0.37,0.0,K_0.0001_int_curvature_CF_2.0_seed_91_germ_band_push_0.4_noise_scale_1e-05_dt_1e-05_t_final_400.0_add_MD_bool_0.0_add_CF_bool_1.0_CF_position_0.37_t_CF_0.0/
0.0001,2.0,92,0.2,1e-05,1e-05,400.0,0.0,1.0,0.37,0.0,K_0.0001_int_curvature_CF_2.0_seed_92_germ_band_push_0.2_noise_scale_1e-05_dt_1e-05_t_final_400.0_add_MD_bool_0.0_add_CF_bool_1.0_CF_position_0.37_t_CF_0.0/
0.0001,2.0,93,0.0,1e-05,1e-05,400.0,0.0,1.0,0.37,0.0,K_0.0001_int_curvature_CF_2.0_seed_93_germ_band_push_0.0_noise_scale_1e-05_dt_1e-05_t_final_400.0_add_MD_bool_0.0_add_CF_bool_1.0_CF_position_0.37_t_CF_0.0/
0.0001,7.5,94,0.0,1e-05,1e-05,400.0,0.0,1.0,0.37,0.0,K_0.0001_int_curvature_CF_7.5_seed_94_germ_band_push_0.0_noise_scale_1e-05_dt_1e-05_t_final_400.0_add_MD_bool_0.0_add_CF_bool_1.0_CF_position_0.37_t_CF_0.0/
0.0001,5.0,95,0.0,1e-05,1e-05,400.0,0.0,1.0,0.37,0.0,K_0.0001_int_curvature_CF_5.0_seed_95_germ_band_push_0.0_noise_scale_1e-05_dt_1e-05_t_final_400.0_add_MD_bool_0.0_add_CF_bool_1.0_CF_position_0.37_t_CF_0.0/
0.0001,7.5,96,0.0,1e-05,1e-05,400.0,0.0,1.0,0.37,0.0,K_0.0001_int_curvature_CF_7.5_seed_96_germ_band_push_0.0_noise_scale_1e-05_dt_1e-05_t_final_400.0_add_MD_bool_0.0_add_CF_bool_1.0_CF_position_0.37_t_CF_0.0/
0.0001,0.5,97,0.4,1e-05,1e-05,400.0,0.0,1.0,0.37,0.0,K_0.0001_int_curvature_CF_0.5_seed_97_germ_band_push_0.4_noise_scale_1e-05_dt_1e-05_t_final_400.0_add_MD_bool_0.0_add_CF_bool_1.0_CF_position_0.37_t_CF_0.0/
0.0001,0.5,98,0.2,1e-05,1e-05,400.0,0.0,1.0,0.37,0.0,K_0.0001_int_curvature_CF_0.5_seed_98_germ_band_push_0.2_noise_scale_1e-05_dt_1e-05_t_final_400.0_add_MD_bool_0.0_add_CF_bool_1.0_CF_position_0.37_t_CF_0.0/
0.0001,0.5,99,0.0,1e-05,1e-05,400.0,0.0,1.0,0.37,0.0,K_0.0001_int_curvature_CF_0.5_seed_99_germ_band_push_0.0_noise_scale_1e-05_dt_1e-05_t_final_400.0_add_MD_bool_0.0_add_CF_bool_1.0_CF_position_0.37_t_CF_0.0/
0.0001,7.5,100,0.4,1e-05,1e-05,400.0,0.0,1.0,0.37,0.0,K_0.0001_int_curvature_CF_7.5_seed_100_germ_band_push_0.4_noise_scale_1e-05_dt_1e-05_t_final_400.0_add_MD_bool_0.0_add_CF_bool_1.0_CF_position_0.37_t_CF_0.0/
0.0001,5.0,101,0.0,1e-05,1e-05,400.0,0.0,1.0,0.37,0.0,K_0.0001_int_curvature_CF_5.0_seed_101_germ_band_push_0.0_noise_scale_1e-05_dt_1e-05_t_final_400.0_add_MD_bool_0.0_add_CF_bool_1.0_CF_position_0.37_t_CF_0.0/
0.0001,7.5,102,0.2,1e-05,1e-05,400.0,0.0,1.0,0.37,0.0,K_0.0001_int_curvature_CF_7.5_seed_102_germ_band_push_0.2_noise_scale_1e-05_dt_1e-05_t_final_400.0_add_MD_bool_0.0_add_CF_bool_1.0_CF_position_0.37_t_CF_0.0/
0.0001,5.0,103,0.4,1e-05,1e-05,400.0,0.0,1.0,0.37,0.0,K_0.0001_int_curvature_CF_5.0_seed_103_germ_band_push_0.4_noise_scale_1e-05_dt_1e-05_t_final_400.0_add_MD_bool_0.0_add_CF_bool_1.0_CF_position_0.37_t_CF_0.0/
0.0001,2.0,104,0.0,1e-05,1e-05,400.0,0.0,1.0,0.37,0.0,K_0.0001_int_curvature_CF_2.0_seed_104_germ_band_push_0.0_noise_scale_1e-05_dt_1e-05_t_final_400.0_add_MD_bool_0.0_add_CF_bool_1.0_CF_position_0.37_t_CF_0.0/
0.0001,2.0,105,0.2,1e-05,1e-05,400.0,0.0,1.0,0.37,0.0,K_0.0001_int_curvature_CF_2.0_seed_105_germ_band_push_0.2_noise_scale_1e-05_dt_1e-05_t_final_400.0_add_MD_bool_0.0_add_CF_bool_1.0_CF_position_0.37_t_CF_0.0/
0.0001,2.0,106,0.4,1e-05,1e-05,400.0,0.0,1.0,0.37,0.0,K_0.0001_int_curvature_CF_2.0_seed_106_germ_band_push_0.4_noise_scale_1e-05_dt_1e-05_t_final_400.0_add_MD_bool_0.0_add_CF_bool_1.0_CF_position_0.37_t_CF_0.0/
0.0001,5.0,107,0.2,1e-05,1e-05,400.0,0.0,1.0,0.37,0.0,K_0.0001_int_curvature_CF_5.0_seed_107_germ_band_push_0.2_noise_scale_1e-05_dt_1e-05_t_final_400.0_add_MD_bool_0.0_add_CF_bool_1.0_CF_position_0.37_t_CF_0.0/
0.0001,2.0,108,0.0,1e-05,1e-05,400.0,0.0,1.0,0.37,0.0,K_0.0001_int_curvature_CF_2.0_seed_108_germ_band_push_0.0_noise_scale_1e-05_dt_1e-05_t_final_400.0_add_MD_bool_0.0_add_CF_bool_1.0_CF_position_0.37_t_CF_0.0/
0.0001,2.0,109,0.2,1e-05,1e-05,400.0,0.0,1.0,0.37,0.0,K_0.0001_int_curvature_CF_2.0_seed_109_germ_band_push_0.2_noise_scale_1e-05_dt_1e-05_t_final_400.0_add_MD_bool_0.0_add_CF_bool_1.0_CF_position_0.37_t_CF_0.0/
0.0001,0.5,110,0.0,1e-05,1e-05,400.0,0.0,1.0,0.37,0.0,K_0.0001_int_curvature_CF_0.5_seed_110_germ_band_push_0.0_noise_scale_1e-05_dt_1e-05_t_final_400.0_add_MD_bool_0.0_add_CF_bool_1.0_CF_position_0.37_t_CF_0.0/
0.0001,0.5,111,0.2,1e-05,1e-05,400.0,0.0,1.0,0.37,0.0,K_0.0001_int_curvature_CF_0.5_seed_111_germ_band_push_0.2_noise_scale_1e-05_dt_1e-05_t_final_400.0_add_MD_bool_0.0_add_CF_bool_1.0_CF_position_0.37_t_CF_0.0/
0.0001,0.5,112,0.4,1e-05,1e-05,400.0,0.0,1.0,0.37,0.0,K_0.0001_int_curvature_CF_0.5_seed_112_germ_band_push_0.4_noise_scale_1e-05_dt_1e-05_t_final_400.0_add_MD_bool_0.0_add_CF_bool_1.0_CF_position_0.37_t_CF_0.0/
0.0001,7.5,113,0.0,1e-05,1e-05,400.0,0.0,1.0,0.37,0.0,K_0.0001_int_curvature_CF_7.5_seed_113_germ_band_push_0.0_noise_scale_1e-05_dt_1e-05_t_final_400.0_add_MD_bool_0.0_add_CF_bool_1.0_CF_position_0.37_t_CF_0.0/
0.0001,7.5,114,0.2,1e-05,1e-05,400.0,0.0,1.0,0.37,0.0,K_0.0001_int_curvature_CF_7.5_seed_114_germ_band_push_0.2_noise_scale_1e-05_dt_1e-05_t_final_400.0_add_MD_bool_0.0_add_CF_bool_1.0_CF_position_0.37_t_CF_0.0/
0.0001,2.0,115,0.4,1e-05,1e-05,400.0,0.0,1.0,0.37,0.0,K_0.0001_int_curvature_CF_2.0_seed_115_germ_band_push_0.4_noise_scale_1e-05_dt_1e-05_t_final_400.0_add_MD_bool_0.0_add_CF_bool_1.0_CF_position_0.37_t_CF_0.0/
0.0001,7.5,116,0.4,1e-05,1e-05,400.0,0.0,1.0,0.37,0.0,K_0.0001_int_curvature_CF_7.5_seed_116_germ_band_push_0.4_noise_scale_1e-05_dt_1e-05_t_final_400.0_add_MD_bool_0.0_add_CF_bool_1.0_CF_position_0.37_t_CF_0.0/
0.0001,5.0,117,0.0,1e-05,1e-05,400.0,0.0,1.0,0.37,0.0,K_0.0001_int_curvature_CF_5.0_seed_117_germ_band_push_0.0_noise_scale_1e-05_dt_1e-05_t_final_400.0_add_MD_bool_0.0_add_CF_bool_1.0_CF_position_0.37_t_CF_0.0/
0.0001,5.0,118,0.2,1e-05,1e-05,400.0,0.0,1.0,0.37,0.0,K_0.0001_int_curvature_CF_5.0_seed_118_germ_band_push_0.2_noise_scale_1e-05_dt_1e-05_t_final_400.0_add_MD_bool_0.0_add_CF_bool_1.0_CF_position_0.37_t_CF_0.0/
0.0001,5.0,119,0.4,1e-05,1e-05,400.0,0.0,1.0,0.37,0.0,K_0.0001_int_curvature_CF_5.0_seed_119_germ_band_push_0.4_noise_scale_1e-05_dt_1e-05_t_final_400.0_add_MD_bool_0.0_add_CF_bool_1.0_CF_position_0.37_t_CF_0.0/
0.0001,0.5,120,0.4,1e-05,1e-05,400.0,0.0,1.0,0.37,0.0,K_0.0001_int_curvature_CF_0.5_seed_120_germ_band_push_0.4_noise_scale_1e-05_dt_1e-05_t_final_400.0_add_MD_bool_0.0_add_CF_bool_1.0_CF_position_0.37_t_CF_0.0/
0.0001,5.0,121,0.4,1e-05,1e-05,400.0,0.0,1.0,0.37,0.0,K_0.0001_int_curvature_CF_5.0_seed_121_germ_band_push_0.4_noise_scale_1e-05_dt_1e-05_t_final_400.0_add_MD_bool_0.0_add_CF_bool_1.0_CF_position_0.37_t_CF_0.0/
0.0001,0.5,122,0.2,1e-05,1e-05,400.0,0.0,1.0,0.37,0.0,K_0.0001_int_curvature_CF_0.5_seed_122_germ_band_push_0.2_noise_scale_1e-05_dt_1e-05_t_final_400.0_add_MD_bool_0.0_add_CF_bool_1.0_CF_position_0.37_t_CF_0.0/
0.0001,5.0,123,0.0,1e-05,1e-05,400.0,0.0,1.0,0.37,0.0,K_0.0001_int_curvature_CF_5.0_seed_123_germ_band_push_0.0_noise_scale_1e-05_dt_1e-05_t_final_400.0_add_MD_bool_0.0_add_CF_bool_1.0_CF_position_0.37_t_CF_0.0/
0.0001,7.5,124,0.4,1e-05,1e-05,400.0,0.0,1.0,0.37,0.0,K_0.0001_int_curvature_CF_7.5_seed_124_germ_band_push_0.4_noise_scale_1e-05_dt_1e-05_t_final_400.0_add_MD_bool_0.0_add_CF_bool_1.0_CF_position_0.37_t_CF_0.0/
0.0001,7.5,125,0.2,1e-05,1e-05,400.0,0.0,1.0,0.37,0.0,K_0.0001_int_curvature_CF_7.5_seed_125_germ_band_push_0.2_noise_scale_1e-05_dt_1e-05_t_final_400.0_add_MD_bool_0.0_add_CF_bool_1.0_CF_position_0.37_t_CF_0.0/
0.0001,0.5,126,0.0,1e-05,1e-05,400.0,0.0,1.0,0.37,0.0,K_0.0001_int_curvature_CF_0.5_seed_126_germ_band_push_0.0_noise_scale_1e-05_dt_1e-05_t_final_400.0_add_MD_bool_0.0_add_CF_bool_1.0_CF_position_0.37_t_CF_0.0/
0.0001,2.0,127,0.0,1e-05,1e-05,400.0,0.0,1.0,0.37,0.0,K_0.0001_int_curvature_CF_2.0_seed_127_germ_band_push_0.0_noise_scale_1e-05_dt_1e-05_t_final_400.0_add_MD_bool_0.0_add_CF_bool_1.0_CF_position_0.37_t_CF_0.0/
0.0001,7.5,128,0.0,1e-05,1e-05,400.0,0.0,1.0,0.37,0.0,K_0.0001_int_curvature_CF_7.5_seed_128_germ_band_push_0.0_noise_scale_1e-05_dt_1e-05_t_final_400.0_add_MD_bool_0.0_add_CF_bool_1.0_CF_position_0.37_t_CF_0.0/
0.0001,2.0,129,0.4,1e-05,1e-05,400.0,0.0,1.0,0.37,0.0,K_0.0001_int_curvature_CF_2.0_seed_129_germ_band_push_0.4_noise_scale_1e-05_dt_1e-05_t_final_400.0_add_MD_bool_0.0_add_CF_bool_1.0_CF_position_0.37_t_CF_0.0/
0.0001,5.0,130,0.2,1e-05,1e-05,400.0,0.0,1.0,0.37,0.0,K_0.0001_int_curvature_CF_5.0_seed_130_germ_band_push_0.2_noise_scale_1e-05_dt_1e-05_t_final_400.0_add_MD_bool_0.0_add_CF_bool_1.0_CF_position_0.37_t_CF_0.0/
0.0001,2.0,131,0.2,1e-05,1e-05,400.0,0.0,1.0,0.37,0.0,K_0.0001_int_curvature_CF_2.0_seed_131_germ_band_push_0.2_noise_scale_1e-05_dt_1e-05_t_final_400.0_add_MD_bool_0.0_add_CF_bool_1.0_CF_position_0.37_t_CF_0.0/
0.0001,5.0,132,0.0,1e-05,1e-05,400.0,0.0,1.0,0.37,0.0,K_0.0001_int_curvature_CF_5.0_seed_132_germ_band_push_0.0_noise_scale_1e-05_dt_1e-05_t_final_400.0_add_MD_bool_0.0_add_CF_bool_1.0_CF_position_0.37_t_CF_0.0/
0.0001,5.0,133,0.2,1e-05,1e-05,400.0,0.0,1.0,0.37,0.0,K_0.0001_int_curvature_CF_5.0_seed_133_germ_band_push_0.2_noise_scale_1e-05_dt_1e-05_t_final_400.0_add_MD_bool_0.0_add_CF_bool_1.0_CF_position_0.37_t_CF_0.0/
0.0001,5.0,134,0.4,1e-05,1e-05,400.0,0.0,1.0,0.37,0.0,K_0.0001_int_curvature_CF_5.0_seed_134_germ_band_push_0.4_noise_scale_1e-05_dt_1e-05_t_final_400.0_add_MD_bool_0.0_add_CF_bool_1.0_CF_position_0.37_t_CF_0.0/
0.0001,2.0,135,0.4,1e-05,1e-05,400.0,0.0,1.0,0.37,0.0,K_0.0001_int_curvature_CF_2.0_seed_135_germ_band_push_0.4_noise_scale_1e-05_dt_1e-05_t_final_400.0_add_MD_bool_0.0_add_CF_bool_1.0_CF_position_0.37_t_CF_0.0/
0.0001,2.0,136,0.0,1e-05,1e-05,400.0,0.0,1.0,0.37,0.0,K_0.0001_int_curvature_CF_2.0_seed_136_germ_band_push_0.0_noise_scale_1e-05_dt_1e-05_t_final_400.0_add_MD_bool_0.0_add_CF_bool_1.0_CF_position_0.37_t_CF_0.0/
0.0001,7.5,137,0.0,1e-05,1e-05,400.0,0.0,1.0,0.37,0.0,K_0.0001_int_curvature_CF_7.5_seed_137_germ_band_push_0.0_noise_scale_1e-05_dt_1e-05_t_final_400.0_add_MD_bool_0.0_add_CF_bool_1.0_CF_position_0.37_t_CF_0.0/
0.0001,7.5,138,0.2,1e-05,1e-05,400.0,0.0,1.0,0.37,0.0,K_0.0001_int_curvature_CF_7.5_seed_138_germ_band_push_0.2_noise_scale_1e-05_dt_1e-05_t_final_400.0_add_MD_bool_0.0_add_CF_bool_1.0_CF_position_0.37_t_CF_0.0/
0.0001,0.5,139,0.4,1e-05,1e-05,400.0,0.0,1.0,0.37,0.0,K_0.0001_int_curvature_CF_0.5_seed_139_germ_band_push_0.4_noise_scale_1e-05_dt_1e-05_t_final_400.0_add_MD_bool_0.0_add_CF_bool_1.0_CF_position_0.37_t_CF_0.0/
0.0001,7.5,140,0.4,1e-05,1e-05,400.0,0.0,1.0,0.37,0.0,K_0.0001_int_curvature_CF_7.5_seed_140_germ_band_push_0.4_noise_scale_1e-05_dt_1e-05_t_final_400.0_add_MD_bool_0.0_add_CF_bool_1.0_CF_position_0.37_t_CF_0.0/
0.0001,0.5,141,0.2,1e-05,1e-05,400.0,0.0,1.0,0.37,0.0,K_0.0001_int_curvature_CF_0.5_seed_141_germ_band_push_0.2_noise_scale_1e-05_dt_1e-05_t_final_400.0_add_MD_bool_0.0_add_CF_bool_1.0_CF_position_0.37_t_CF_0.0/
0.0001,0.5,142,0.0,1e-05,1e-05,400.0,0.0,1.0,0.37,0.0,K_0.0001_int_curvature_CF_0.5_seed_142_germ_band_push_0.0_noise_scale_1e-05_dt_1e-05_t_final_400.0_add_MD_bool_0.0_add_CF_bool_1.0_CF_position_0.37_t_CF_0.0/
0.0001,2.0,143,0.2,1e-05,1e-05,400.0,0.0,1.0,0.37,0.0,K_0.0001_int_curvature_CF_2.0_seed_143_germ_band_push_0.2_noise_scale_1e-05_dt_1e-05_t_final_400.0_add_MD_bool_0.0_add_CF_bool_1.0_CF_position_0.37_t_CF_0.0/
0.0001,0.5,144,0.4,1e-05,1e-05,400.0,0.0,1.0,0.37,0.0,K_0.0001_int_curvature_CF_0.5_seed_144_germ_band_push_0.4_noise_scale_1e-05_dt_1e-05_t_final_400.0_add_MD_bool_0.0_add_CF_bool_1.0_CF_position_0.37_t_CF_0.0/
0.0001,5.0,145,0.4,1e-05,1e-05,400.0,0.0,1.0,0.37,0.0,K_0.0001_int_curvature_CF_5.0_seed_145_germ_band_push_0.4_noise_scale_1e-05_dt_1e-05_t_final_400.0_add_MD_bool_0.0_add_CF_bool_1.0_CF_position_0.37_t_CF_0.0/
0.0001,5.0,146,0.2,1e-05,1e-05,400.0,0.0,1.0,0.37,0.0,K_0.0001_int_curvature_CF_5.0_seed_146_germ_band_push_0.2_noise_scale_1e-05_dt_1e-05_t_final_400.0_add_MD_bool_0.0_add_CF_bool_1.0_CF_position_0.37_t_CF_0.0/
0.0001,5.0,147,0.0,1e-05,1e-05,400.0,0.0,1.0,0.37,0.0,K_0.0001_int_curvature_CF_5.0_seed_147_germ_band_push_0.0_noise_scale_1e-05_dt_1e-05_t_final_400.0_add_MD_bool_0.0_add_CF_bool_1.0_CF_position_0.37_t_CF_0.0/
0.0001,0.5,148,0.0,1e-05,1e-05,400.0,0.0,1.0,0.37,0.0,K_0.0001_int_curvature_CF_0.5_seed_148_germ_band_push_0.0_noise_scale_1e-05_dt_1e-05_t_final_400.0_add_MD_bool_0.0_add_CF_bool_1.0_CF_position_0.37_t_CF_0.0/
0.0001,2.0,149,0.0,1e-05,1e-05,400.0,0.0,1.0,0.37,0.0,K_0.0001_int_curvature_CF_2.0_seed_149_germ_band_push_0.0_noise_scale_1e-05_dt_1e-05_t_final_400.0_add_MD_bool_0.0_add_CF_bool_1.0_CF_position_0.37_t_CF_0.0/
0.0001,0.5,150,0.2,1e-05,1e-05,400.0,0.0,1.0,0.37,0.0,K_0.0001_int_curvature_CF_0.5_seed_150_germ_band_push_0.2_noise_scale_1e-05_dt_1e-05_t_final_400.0_add_MD_bool_0.0_add_CF_bool_1.0_CF_position_0.37_t_CF_0.0/
0.0001,2.0,151,0.4,1e-05,1e-05,400.0,0.0,1.0,0.37,0.0,K_0.0001_int_curvature_CF_2.0_seed_151_germ_band_push_0.4_noise_scale_1e-05_dt_1e-05_t_final_400.0_add_MD_bool_0.0_add_CF_bool_1.0_CF_position_0.37_t_CF_0.0/
0.0001,7.5,152,0.0,1e-05,1e-05,400.0,0.0,1.0,0.37,0.0,K_0.0001_int_curvature_CF_7.5_seed_152_germ_band_push_0.0_noise_scale_1e-05_dt_1e-05_t_final_400.0_add_MD_bool_0.0_add_CF_bool_1.0_CF_position_0.37_t_CF_0.0/
0.0001,7.5,153,0.2,1e-05,1e-05,400.0,0.0,1.0,0.37,0.0,K_0.0001_int_curvature_CF_7.5_seed_153_germ_band_push_0.2_noise_scale_1e-05_dt_1e-05_t_final_400.0_add_MD_bool_0.0_add_CF_bool_1.0_CF_position_0.37_t_CF_0.0/
0.0001,7.5,154,0.4,1e-05,1e-05,400.0,0.0,1.0,0.37,0.0,K_0.0001_int_curvature_CF_7.5_seed_154_germ_band_push_0.4_noise_scale_1e-05_dt_1e-05_t_final_400.0_add_MD_bool_0.0_add_CF_bool_1.0_CF_position_0.37_t_CF_0.0/
0.0001,2.0,155,0.2,1e-05,1e-05,400.0,0.0,1.0,0.37,0.0,K_0.0001_int_curvature_CF_2.0_seed_155_germ_band_push_0.2_noise_scale_1e-05_dt_1e-05_t_final_400.0_add_MD_bool_0.0_add_CF_bool_1.0_CF_position_0.37_t_CF_0.0/
0.0001,7.5,156,0.2,1e-05,1e-05,400.0,0.0,1.0,0.37,0.0,K_0.0001_int_curvature_CF_7.5_seed_156_germ_band_push_0.2_noise_scale_1e-05_dt_1e-05_t_final_400.0_add_MD_bool_0.0_add_CF_bool_1.0_CF_position_0.37_t_CF_0.0/
0.0001,0.5,157,0.0,1e-05,1e-05,400.0,0.0,1.0,0.37,0.0,K_0.0001_int_curvature_CF_0.5_seed_157_germ_band_push_0.0_noise_scale_1e-05_dt_1e-05_t_final_400.0_add_MD_bool_0.0_add_CF_bool_1.0_CF_position_0.37_t_CF_0.0/
0.0001,0.5,158,0.2,1e-05,1e-05,400.0,0.0,1.0,0.37,0.0,K_0.0001_int_curvature_CF_0.5_seed_158_germ_band_push_0.2_noise_scale_1e-05_dt_1e-05_t_final_400.0_add_MD_bool_0.0_add_CF_bool_1.0_CF_position_0.37_t_CF_0.0/
0.0001,0.5,159,0.4,1e-05,1e-05,400.0,0.0,1.0,0.37,0.0,K_0.0001_int_curvature_CF_0.5_seed_159_germ_band_push_0.4_noise_scale_1e-05_dt_1e-05_t_final_400.0_add_MD_bool_0.0_add_CF_bool_1.0_CF_position_0.37_t_CF_0.0/
0.0001,5.0,160,0.4,1e-05,1e-05,400.0,0.0,1.0,0.37,0.0,K_0.0001_int_curvature_CF_5.0_seed_160_germ_band_push_0.4_noise_scale_1e-05_dt_1e-05_t_final_400.0_add_MD_bool_0.0_add_CF_bool_1.0_CF_position_0.37_t_CF_0.0/
0.0001,5.0,161,0.2,1e-05,1e-05,400.0,0.0,1.0,0.37,0.0,K_0.0001_int_curvature_CF_5.0_seed_161_germ_band_push_0.2_noise_scale_1e-05_dt_1e-05_t_final_400.0_add_MD_bool_0.0_add_CF_bool_1.0_CF_position_0.37_t_CF_0.0/
0.0001,7.5,162,0.0,1e-05,1e-05,400.0,0.0,1.0,0.37,0.0,K_0.0001_int_curvature_CF_7.5_seed_162_germ_band_push_0.0_noise_scale_1e-05_dt_1e-05_t_final_400.0_add_MD_bool_0.0_add_CF_bool_1.0_CF_position_0.37_t_CF_0.0/
0.0001,2.0,163,0.4,1e-05,1e-05,400.0,0.0,1.0,0.37,0.0,K_0.0001_int_curvature_CF_2.0_seed_163_germ_band_push_0.4_noise_scale_1e-05_dt_1e-05_t_final_400.0_add_MD_bool_0.0_add_CF_bool_1.0_CF_position_0.37_t_CF_0.0/
0.0001,2.0,164,0.2,1e-05,1e-05,400.0,0.0,1.0,0.37,0.0,K_0.0001_int_curvature_CF_2.0_seed_164_germ_band_push_0.2_noise_scale_1e-05_dt_1e-05_t_final_400.0_add_MD_bool_0.0_add_CF_bool_1.0_CF_position_0.37_t_CF_0.0/
0.0001,2.0,165,0.0,1e-05,1e-05,400.0,0.0,1.0,0.37,0.0,K_0.0001_int_curvature_CF_2.0_seed_165_germ_band_push_0.0_noise_scale_1e-05_dt_1e-05_t_final_400.0_add_MD_bool_0.0_add_CF_bool_1.0_CF_position_0.37_t_CF_0.0/
0.0001,7.5,166,0.4,1e-05,1e-05,400.0,0.0,1.0,0.37,0.0,K_0.0001_int_curvature_CF_7.5_seed_166_germ_band_push_0.4_noise_scale_1e-05_dt_1e-05_t_final_400.0_add_MD_bool_0.0_add_CF_bool_1.0_CF_position_0.37_t_CF_0.0/
0.0001,5.0,167,0.0,1e-05,1e-05,400.0,0.0,1.0,0.37,0.0,K_0.0001_int_curvature_CF_5.0_seed_167_germ_band_push_0.0_noise_scale_1e-05_dt_1e-05_t_final_400.0_add_MD_bool_0.0_add_CF_bool_1.0_CF_position_0.37_t_CF_0.0/
0.0001,0.5,168,0.2,1e-05,1e-05,400.0,0.0,1.0,0.37,0.0,K_0.0001_int_curvature_CF_0.5_seed_168_germ_band_push_0.2_noise_scale_1e-05_dt_1e-05_t_final_400.0_add_MD_bool_0.0_add_CF_bool_1.0_CF_position_0.37_t_CF_0.0/
0.0001,0.5,169,0.0,1e-05,1e-05,400.0,0.0,1.0,0.37,0.0,K_0.0001_int_curvature_CF_0.5_seed_169_germ_band_push_0.0_noise_scale_1e-05_dt_1e-05_t_final_400.0_add_MD_bool_0.0_add_CF_bool_1.0_CF_position_0.37_t_CF_0.0/
0.0001,5.0,170,0.2,1e-05,1e-05,400.0,0.0,1.0,0.37,0.0,K_0.0001_int_curvature_CF_5.0_seed_170_germ_band_push_0.2_noise_scale_1e-05_dt_1e-05_t_final_400.0_add_MD_bool_0.0_add_CF_bool_1.0_CF_position_0.37_t_CF_0.0/
0.0001,7.5,171,0.4,1e-05,1e-05,400.0,0.0,1.0,0.37,0.0,K_0.0001_int_curvature_CF_7.5_seed_171_germ_band_push_0.4_noise_scale_1e-05_dt_1e-05_t_final_400.0_add_MD_bool_0.0_add_CF_bool_1.0_CF_position_0.37_t_CF_0.0/
0.0001,5.0,172,0.4,1e-05,1e-05,400.0,0.0,1.0,0.37,0.0,K_0.0001_int_curvature_CF_5.0_seed_172_germ_band_push_0.4_noise_scale_1e-05_dt_1e-05_t_final_400.0_add_MD_bool_0.0_add_CF_bool_1.0_CF_position_0.37_t_CF_0.0/
0.0001,0.5,173,0.4,1e-05,1e-05,400.0,0.0,1.0,0.37,0.0,K_0.0001_int_curvature_CF_0.5_seed_173_germ_band_push_0.4_noise_scale_1e-05_dt_1e-05_t_final_400.0_add_MD_bool_0.0_add_CF_bool_1.0_CF_position_0.37_t_CF_0.0/
0.0001,5.0,174,0.0,1e-05,1e-05,400.0,0.0,1.0,0.37,0.0,K_0.0001_int_curvature_CF_5.0_seed_174_germ_band_push_0.0_noise_scale_1e-05_dt_1e-05_t_final_400.0_add_MD_bool_0.0_add_CF_bool_1.0_CF_position_0.37_t_CF_0.0/
0.0001,2.0,175,0.0,1e-05,1e-05,400.0,0.0,1.0,0.37,0.0,K_0.0001_int_curvature_CF_2.0_seed_175_germ_band_push_0.0_noise_scale_1e-05_dt_1e-05_t_final_400.0_add_MD_bool_0.0_add_CF_bool_1.0_CF_position_0.37_t_CF_0.0/
0.0001,2.0,176,0.2,1e-05,1e-05,400.0,0.0,1.0,0.37,0.0,K_0.0001_int_curvature_CF_2.0_seed_176_germ_band_push_0.2_noise_scale_1e-05_dt_1e-05_t_final_400.0_add_MD_bool_0.0_add_CF_bool_1.0_CF_position_0.37_t_CF_0.0/
0.0001,2.0,177,0.4,1e-05,1e-05,400.0,0.0,1.0,0.37,0.0,K_0.0001_int_curvature_CF_2.0_seed_177_germ_band_push_0.4_noise_scale_1e-05_dt_1e-05_t_final_400.0_add_MD_bool_0.0_add_CF_bool_1.0_CF_position_0.37_t_CF_0.0/
0.0001,7.5,178,0.2,1e-05,1e-05,400.0,0.0,1.0,0.37,0.0,K_0.0001_int_curvature_CF_7.5_seed_178_germ_band_push_0.2_noise_scale_1e-05_dt_1e-05_t_final_400.0_add_MD_bool_0.0_add_CF_bool_1.0_CF_position_0.37_t_CF_0.0/
0.0001,7.5,179,0.0,1e-05,1e-05,400.0,0.0,1.0,0.37,0.0,K_0.0001_int_curvature_CF_7.5_seed_179_germ_band_push_0.0_noise_scale_1e-05_dt_1e-05_t_final_400.0_add_MD_bool_0.0_add_CF_bool_1.0_CF_position_0.37_t_CF_0.0/
0.0001,7.5,180,0.0,1e-05,1e-05,400.0,0.0,1.0,0.37,0.0,K_0.0001_int_curvature_CF_7.5_seed_180_germ_band_push_0.0_noise_scale_1e-05_dt_1e-05_t_final_400.0_add_MD_bool_0.0_add_CF_bool_1.0_CF_position_0.37_t_CF_0.0/
0.0001,7.5,181,0.2,1e-05,1e-05,400.0,0.0,1.0,0.37,0.0,K_0.0001_int_curvature_CF_7.5_seed_181_germ_band_push_0.2_noise_scale_1e-05_dt_1e-05_t_final_400.0_add_MD_bool_0.0_add_CF_bool_1.0_CF_position_0.37_t_CF_0.0/
0.0001,0.5,182,0.4,1e-05,1e-05,400.0,0.0,1.0,0.37,0.0,K_0.0001_int_curvature_CF_0.5_seed_182_germ_band_push_0.4_noise_scale_1e-05_dt_1e-05_t_final_400.0_add_MD_bool_0.0_add_CF_bool_1.0_CF_position_0.37_t_CF_0.0/
0.0001,0.5,183,0.2,1e-05,1e-05,400.0,0.0,1.0,0.37,0.0,K_0.0001_int_curvature_CF_0.5_seed_183_germ_band_push_0.2_noise_scale_1e-05_dt_1e-05_t_final_400.0_add_MD_bool_0.0_add_CF_bool_1.0_CF_position_0.37_t_CF_0.0/
0.0001,7.5,184,0.4,1e-05,1e-05,400.0,0.0,1.0,0.37,0.0,K_0.0001_int_curvature_CF_7.5_seed_184_germ_band_push_0.4_noise_scale_1e-05_dt_1e-05_t_final_400.0_add_MD_bool_0.0_add_CF_bool_1.0_CF_position_0.37_t_CF_0.0/
0.0001,5.0,185,0.2,1e-05,1e-05,400.0,0.0,1.0,0.37,0.0,K_0.0001_int_curvature_CF_5.0_seed_185_germ_band_push_0.2_noise_scale_1e-05_dt_1e-05_t_final_400.0_add_MD_bool_0.0_add_CF_bool_1.0_CF_position_0.37_t_CF_0.0/
0.0001,5.0,186,0.0,1e-05,1e-05,400.0,0.0,1.0,0.37,0.0,K_0.0001_int_curvature_CF_5.0_seed_186_germ_band_push_0.0_noise_scale_1e-05_dt_1e-05_t_final_400.0_add_MD_bool_0.0_add_CF_bool_1.0_CF_position_0.37_t_CF_0.0/
0.0001,2.0,187,0.0,1e-05,1e-05,400.0,0.0,1.0,0.37,0.0,K_0.0001_int_curvature_CF_2.0_seed_187_germ_band_push_0.0_noise_scale_1e-05_dt_1e-05_t_final_400.0_add_MD_bool_0.0_add_CF_bool_1.0_CF_position_0.37_t_CF_0.0/
0.0001,2.0,188,0.2,1e-05,1e-05,400.0,0.0,1.0,0.37,0.0,K_0.0001_int_curvature_CF_2.0_seed_188_germ_band_push_0.2_noise_scale_1e-05_dt_1e-05_t_final_400.0_add_MD_bool_0.0_add_CF_bool_1.0_CF_position_0.37_t_CF_0.0/
0.0001,2.0,189,0.4,1e-05,1e-05,400.0,0.0,1.0,0.37,0.0,K_0.0001_int_curvature_CF_2.0_seed_189_germ_band_push_0.4_noise_scale_1e-05_dt_1e-05_t_final_400.0_add_MD_bool_0.0_add_CF_bool_1.0_CF_position_0.37_t_CF_0.0/
0.0001,5.0,190,0.4,1e-05,1e-05,400.0,0.0,1.0,0.37,0.0,K_0.0001_int_curvature_CF_5.0_seed_190_germ_band_push_0.4_noise_scale_1e-05_dt_1e-05_t_final_400.0_add_MD_bool_0.0_add_CF_bool_1.0_CF_position_0.37_t_CF_0.0/
0.0001,0.5,191,0.0,1e-05,1e-05,400.0,0.0,1.0,0.37,0.0,K_0.0001_int_curvature_CF_0.5_seed_191_germ_band_push_0.0_noise_scale_1e-05_dt_1e-05_t_final_400.0_add_MD_bool_0.0_add_CF_bool_1.0_CF_position_0.37_t_CF_0.0/
0.0001,7.5,192,0.0,1e-05,1e-05,400.0,0.0,1.0,0.37,0.0,K_0.0001_int_curvature_CF_7.5_seed_192_germ_band_push_0.0_noise_scale_1e-05_dt_1e-05_t_final_400.0_add_MD_bool_0.0_add_CF_bool_1.0_CF_position_0.37_t_CF_0.0/
0.0001,7.5,193,0.4,1e-05,1e-05,400.0,0.0,1.0,0.37,0.0,K_0.0001_int_curvature_CF_7.5_seed_193_germ_band_push_0.4_noise_scale_1e-05_dt_1e-05_t_final_400.0_add_MD_bool_0.0_add_CF_bool_1.0_CF_position_0.37_t_CF_0.0/
0.0001,0.5,194,0.0,1e-05,1e-05,400.0,0.0,1.0,0.37,0.0,K_0.0001_int_curvature_CF_0.5_seed_194_germ_band_push_0.0_noise_scale_1e-05_dt_1e-05_t_final_400.0_add_MD_bool_0.0_add_CF_bool_1.0_CF_position_0.37_t_CF_0.0/
0.0001,0.5,195,0.2,1e-05,1e-05,400.0,0.0,1.0,0.37,0.0,K_0.0001_int_curvature_CF_0.5_seed_195_germ_band_push_0.2_noise_scale_1e-05_dt_1e-05_t_final_400.0_add_MD_bool_0.0_add_CF_bool_1.0_CF_position_0.37_t_CF_0.0/
0.0001,0.5,196,0.4,1e-05,1e-05,400.0,0.0,1.0,0.37,0.0,K_0.0001_int_curvature_CF_0.5_seed_196_germ_band_push_0.4_noise_scale_1e-05_dt_1e-05_t_final_400.0_add_MD_bool_0.0_add_CF_bool_1.0_CF_position_0.37_t_CF_0.0/
0.0001,2.0,197,0.0,1e-05,1e-05,400.0,0.0,1.0,0.37,0.0,K_0.0001_int_curvature_CF_2.0_seed_197_germ_band_push_0.0_noise_scale_1e-05_dt_1e-05_t_final_400.0_add_MD_bool_0.0_add_CF_bool_1.0_CF_position_0.37_t_CF_0.0/
0.0001,5.0,198,0.4,1e-05,1e-05,400.0,0.0,1.0,0.37,0.0,K_0.0001_int_curvature_CF_5.0_seed_198_germ_band_push_0.4_noise_scale_1e-05_dt_1e-05_t_final_400.0_add_MD_bool_0.0_add_CF_bool_1.0_CF_position_0.37_t_CF_0.0/
0.0001,5.0,199,0.2,1e-05,1e-05,400.0,0.0,1.0,0.37,0.0,K_0.0001_int_curvature_CF_5.0_seed_199_germ_band_push_0.2_noise_scale_1e-05_dt_1e-05_t_final_400.0_add_MD_bool_0.0_add_CF_bool_1.0_CF_position_0.37_t_CF_0.0/
0.0001,5.0,200,0.0,1e-05,1e-05,400.0,0.0,1.0,0.37,0.0,K_0.0001_int_curvature_CF_5.0_seed_200_germ_band_push_0.0_noise_scale_1e-05_dt_1e-05_t_final_400.0_add_MD_bool_0.0_add_CF_bool_1.0_CF_position_0.37_t_CF_0.0/
0.0001,2.0,201,0.2,1e-05,1e-05,400.0,0.0,1.0,0.37,0.0,K_0.0001_int_curvature_CF_2.0_seed_201_germ_band_push_0.2_noise_scale_1e-05_dt_1e-05_t_final_400.0_add_MD_bool_0.0_add_CF_bool_1.0_CF_position_0.37_t_CF_0.0/
0.0001,2.0,202,0.4,1e-05,1e-05,400.0,0.0,1.0,0.37,0.0,K_0.0001_int_curvature_CF_2.0_seed_202_germ_band_push_0.4_noise_scale_1e-05_dt_1e-05_t_final_400.0_add_MD_bool_0.0_add_CF_bool_1.0_CF_position_0.37_t_CF_0.0/
0.0001,7.5,203,0.2,1e-05,1e-05,400.0,0.0,1.0,0.37,0.0,K_0.0001_int_curvature_CF_7.5_seed_203_germ_band_push_0.2_noise_scale_1e-05_dt_1e-05_t_final_400.0_add_MD_bool_0.0_add_CF_bool_1.0_CF_position_0.37_t_CF_0.0/
0.0001,0.5,204,0.0,1e-05,1e-05,400.0,0.0,1.0,0.37,0.0,K_0.0001_int_curvature_CF_0.5_seed_204_germ_band_push_0.0_noise_scale_1e-05_dt_1e-05_t_final_400.0_add_MD_bool_0.0_add_CF_bool_1.0_CF_position_0.37_t_CF_0.0/
0.0001,0.5,205,0.2,1e-05,1e-05,400.0,0.0,1.0,0.37,0.0,K_0.0001_int_curvature_CF_0.5_seed_205_germ_band_push_0.2_noise_scale_1e-05_dt_1e-05_t_final_400.0_add_MD_bool_0.0_add_CF_bool_1.0_CF_position_0.37_t_CF_0.0/
0.0001,0.5,206,0.4,1e-05,1e-05,400.0,0.0,1.0,0.37,0.0,K_0.0001_int_curvature_CF_0.5_seed_206_germ_band_push_0.4_noise_scale_1e-05_dt_1e-05_t_final_400.0_add_MD_bool_0.0_add_CF_bool_1.0_CF_position_0.37_t_CF_0.0/
0.0001,2.0,207,0.0,1e-05,1e-05,400.0,0.0,1.0,0.37,0.0,K_0.0001_int_curvature_CF_2.0_seed_207_germ_band_push_0.0_noise_scale_1e-05_dt_1e-05_t_final_400.0_add_MD_bool_0.0_add_CF_bool_1.0_CF_position_0.37_t_CF_0.0/
0.0001,2.0,208,0.4,1e-05,1e-05,400.0,0.0,1.0,0.37,0.0,K_0.0001_int_curvature_CF_2.0_seed_208_germ_band_push_0.4_noise_scale_1e-05_dt_1e-05_t_final_400.0_add_MD_bool_0.0_add_CF_bool_1.0_CF_position_0.37_t_CF_0.0/
0.0001,2.0,209,0.2,1e-05,1e-05,400.0,0.0,1.0,0.37,0.0,K_0.0001_int_curvature_CF_2.0_seed_209_germ_band_push_0.2_noise_scale_1e-05_dt_1e-05_t_final_400.0_add_MD_bool_0.0_add_CF_bool_1.0_CF_position_0.37_t_CF_0.0/
0.0001,7.5,210,0.0,1e-05,1e-05,400.0,0.0,1.0,0.37,0.0,K_0.0001_int_curvature_CF_7.5_seed_210_germ_band_push_0.0_noise_scale_1e-05_dt_1e-05_t_final_400.0_add_MD_bool_0.0_add_CF_bool_1.0_CF_position_0.37_t_CF_0.0/
0.0001,7.5,211,0.4,1e-05,1e-05,400.0,0.0,1.0,0.37,0.0,K_0.0001_int_curvature_CF_7.5_seed_211_germ_band_push_0.4_noise_scale_1e-05_dt_1e-05_t_final_400.0_add_MD_bool_0.0_add_CF_bool_1.0_CF_position_0.37_t_CF_0.0/
0.0001,7.5,212,0.2,1e-05,1e-05,400.0,0.0,1.0,0.37,0.0,K_0.0001_int_curvature_CF_7.5_seed_212_germ_band_push_0.2_noise_scale_1e-05_dt_1e-05_t_final_400.0_add_MD_bool_0.0_add_CF_bool_1.0_CF_position_0.37_t_CF_0.0/
0.0001,5.0,213,0.0,1e-05,1e-05,400.0,0.0,1.0,0.37,0.0,K_0.0001_int_curvature_CF_5.0_seed_213_germ_band_push_0.0_noise_scale_1e-05_dt_1e-05_t_final_400.0_add_MD_bool_0.0_add_CF_bool_1.0_CF_position_0.37_t_CF_0.0/
0.0001,5.0,214,0.4,1e-05,1e-05,400.0,0.0,1.0,0.37,0.0,K_0.0001_int_curvature_CF_5.0_seed_214_germ_band_push_0.4_noise_scale_1e-05_dt_1e-05_t_final_400.0_add_MD_bool_0.0_add_CF_bool_1.0_CF_position_0.37_t_CF_0.0/
0.0001,5.0,215,0.2,1e-05,1e-05,400.0,0.0,1.0,0.37,0.0,K_0.0001_int_curvature_CF_5.0_seed_215_germ_band_push_0.2_noise_scale_1e-05_dt_1e-05_t_final_400.0_add_MD_bool_0.0_add_CF_bool_1.0_CF_position_0.37_t_CF_0.0/
0.0001,2.0,216,0.4,1e-05,1e-05,400.0,0.0,1.0,0.37,0.0,K_0.0001_int_curvature_CF_2.0_seed_216_germ_band_push_0.4_noise_scale_1e-05_dt_1e-05_t_final_400.0_add_MD_bool_0.0_add_CF_bool_1.0_CF_position_0.37_t_CF_0.0/
0.0001,5.0,217,0.4,1e-05,1e-05,400.0,0.0,1.0,0.37,0.0,K_0.0001_int_curvature_CF_5.0_seed_217_germ_band_push_0.4_noise_scale_1e-05_dt_1e-05_t_final_400.0_add_MD_bool_0.0_add_CF_bool_1.0_CF_position_0.37_t_CF_0.0/
0.0001,5.0,218,0.2,1e-05,1e-05,400.0,0.0,1.0,0.37,0.0,K_0.0001_int_curvature_CF_5.0_seed_218_germ_band_push_0.2_noise_scale_1e-05_dt_1e-05_t_final_400.0_add_MD_bool_0.0_add_CF_bool_1.0_CF_position_0.37_t_CF_0.0/
0.0001,5.0,219,0.0,1e-05,1e-05,400.0,0.0,1.0,0.37,0.0,K_0.0001_int_curvature_CF_5.0_seed_219_germ_band_push_0.0_noise_scale_1e-05_dt_1e-05_t_final_400.0_add_MD_bool_0.0_add_CF_bool_1.0_CF_position_0.37_t_CF_0.0/
0.0001,0.5,220,0.2,1e-05,1e-05,400.0,0.0,1.0,0.37,0.0,K_0.0001_int_curvature_CF_0.5_seed_220_germ_band_push_0.2_noise_scale_1e-05_dt_1e-05_t_final_400.0_add_MD_bool_0.0_add_CF_bool_1.0_CF_position_0.37_t_CF_0.0/
0.0001,2.0,221,0.2,1e-05,1e-05,400.0,0.0,1.0,0.37,0.0,K_0.0001_int_curvature_CF_2.0_seed_221_germ_band_push_0.2_noise_scale_1e-05_dt_1e-05_t_final_400.0_add_MD_bool_0.0_add_CF_bool_1.0_CF_position_0.37_t_CF_0.0/
0.0001,0.5,222,0.4,1e-05,1e-05,400.0,0.0,1.0,0.37,0.0,K_0.0001_int_curvature_CF_0.5_seed_222_germ_band_push_0.4_noise_scale_1e-05_dt_1e-05_t_final_400.0_add_MD_bool_0.0_add_CF_bool_1.0_CF_position_0.37_t_CF_0.0/
0.0001,7.5,223,0.4,1e-05,1e-05,400.0,0.0,1.0,0.37,0.0,K_0.0001_int_curvature_CF_7.5_seed_223_germ_band_push_0.4_noise_scale_1e-05_dt_1e-05_t_final_400.0_add_MD_bool_0.0_add_CF_bool_1.0_CF_position_0.37_t_CF_0.0/
0.0001,7.5,224,0.2,1e-05,1e-05,400.0,0.0,1.0,0.37,0.0,K_0.0001_int_curvature_CF_7.5_seed_224_germ_band_push_0.2_noise_scale_1e-05_dt_1e-05_t_final_400.0_add_MD_bool_0.0_add_CF_bool_1.0_CF_position_0.37_t_CF_0.0/
0.0001,7.5,225,0.0,1e-05,1e-05,400.0,0.0,1.0,0.37,0.0,K_0.0001_int_curvature_CF_7.5_seed_225_germ_band_push_0.0_noise_scale_1e-05_dt_1e-05_t_final_400.0_add_MD_bool_0.0_add_CF_bool_1.0_CF_position_0.37_t_CF_0.0/
0.0001,0.5,226,0.0,1e-05,1e-05,400.0,0.0,1.0,0.37,0.0,K_0.0001_int_curvature_CF_0.5_seed_226_germ_band_push_0.0_noise_scale_1e-05_dt_1e-05_t_final_400.0_add_MD_bool_0.0_add_CF_bool_1.0_CF_position_0.37_t_CF_0.0/
0.0001,2.0,227,0.0,1e-05,1e-05,400.0,0.0,1.0,0.37,0.0,K_0.0001_int_curvature_CF_2.0_seed_227_germ_band_push_0.0_noise_scale_1e-05_dt_1e-05_t_final_400.0_add_MD_bool_0.0_add_CF_bool_1.0_CF_position_0.37_t_CF_0.0/
0.0001,7.5,228,0.0,1e-05,1e-05,400.0,0.0,1.0,0.37,0.0,K_0.0001_int_curvature_CF_7.5_seed_228_germ_band_push_0.0_noise_scale_1e-05_dt_1e-05_t_final_400.0_add_MD_bool_0.0_add_CF_bool_1.0_CF_position_0.37_t_CF_0.0/
0.0001,2.0,229,0.4,1e-05,1e-05,400.0,0.0,1.0,0.37,0.0,K_0.0001_int_curvature_CF_2.0_seed_229_germ_band_push_0.4_noise_scale_1e-05_dt_1e-05_t_final_400.0_add_MD_bool_0.0_add_CF_bool_1.0_CF_position_0.37_t_CF_0.0/
0.0001,5.0,230,0.2,1e-05,1e-05,400.0,0.0,1.0,0.37,0.0,K_0.0001_int_curvature_CF_5.0_seed_230_germ_band_push_0.2_noise_scale_1e-05_dt_1e-05_t_final_400.0_add_MD_bool_0.0_add_CF_bool_1.0_CF_position_0.37_t_CF_0.0/
0.0001,5.0,231,0.0,1e-05,1e-05,400.0,0.0,1.0,0.37,0.0,K_0.0001_int_curvature_CF_5.0_seed_231_germ_band_push_0.0_noise_scale_1e-05_dt_1e-05_t_final_400.0_add_MD_bool_0.0_add_CF_bool_1.0_CF_position_0.37_t_CF_0.0/
0.0001,7.5,232,0.2,1e-05,1e-05,400.0,0.0,1.0,0.37,0.0,K_0.0001_int_curvature_CF_7.5_seed_232_germ_band_push_0.2_noise_scale_1e-05_dt_1e-05_t_final_400.0_add_MD_bool_0.0_add_CF_bool_1.0_CF_position_0.37_t_CF_0.0/
0.0001,2.0,233,0.2,1e-05,1e-05,400.0,0.0,1.0,0.37,0.0,K_0.0001_int_curvature_CF_2.0_seed_233_germ_band_push_0.2_noise_scale_1e-05_dt_1e-05_t_final_400.0_add_MD_bool_0.0_add_CF_bool_1.0_CF_position_0.37_t_CF_0.0/
0.0001,2.0,234,0.0,1e-05,1e-05,400.0,0.0,1.0,0.37,0.0,K_0.0001_int_curvature_CF_2.0_seed_234_germ_band_push_0.0_noise_scale_1e-05_dt_1e-05_t_final_400.0_add_MD_bool_0.0_add_CF_bool_1.0_CF_position_0.37_t_CF_0.0/
0.0001,0.5,235,0.4,1e-05,1e-05,400.0,0.0,1.0,0.37,0.0,K_0.0001_int_curvature_CF_0.5_seed_235_germ_band_push_0.4_noise_scale_1e-05_dt_1e-05_t_final_400.0_add_MD_bool_0.0_add_CF_bool_1.0_CF_position_0.37_t_CF_0.0/
0.0001,0.5,236,0.2,1e-05,1e-05,400.0,0.0,1.0,0.37,0.0,K_0.0001_int_curvature_CF_0.5_seed_236_germ_band_push_0.2_noise_scale_1e-05_dt_1e-05_t_final_400.0_add_MD_bool_0.0_add_CF_bool_1.0_CF_position_0.37_t_CF_0.0/
0.0001,0.5,237,0.0,1e-05,1e-05,400.0,0.0,1.0,0.37,0.0,K_0.0001_int_curvature_CF_0.5_seed_237_germ_band_push_0.0_noise_scale_1e-05_dt_1e-05_t_final_400.0_add_MD_bool_0.0_add_CF_bool_1.0_CF_position_0.37_t_CF_0.0/
0.0001,5.0,238,0.4,1e-05,1e-05,400.0,0.0,1.0,0.37,0.0,K_0.0001_int_curvature_CF_5.0_seed_238_germ_band_push_0.4_noise_scale_1e-05_dt_1e-05_t_final_400.0_add_MD_bool_0.0_add_CF_bool_1.0_CF_position_0.37_t_CF_0.0/
0.0001,7.5,239,0.4,1e-05,1e-05,400.0,0.0,1.0,0.37,0.0,K_0.0001_int_curvature_CF_7.5_seed_239_germ_band_push_0.4_noise_scale_1e-05_dt_1e-05_t_final_400.0_add_MD_bool_0.0_add_CF_bool_1.0_CF_position_0.37_t_CF_0.0/
